Item Name,Variation Name,SKU,GTIN,Vendor Code,Notes,Qty,Unit Cost
DND UNPAINTED MINIS WV4 DWARF FEMALE CLERIC (144),,,634482726259,,,1,4.05
DND UNPAINTED MINIS WV1 MALE HUMAN SORCERER,,,634482726280,,,1,4.05
PF UNPAINTED MINIS WV4 CHILDREN (144),,,634482731833,,,1,4.05
DND UNPAINTED MINIS WV8 VAMPIRE HUNTERS (144),,,634482736760,,,1,4.05
PF UNPAINTED MINIS WV3 HALF-ORC MALE BARBARIAN (144),,,634482726136,,,1,4.05
DND UNPAINTED MINIS WV1 FEMALE HUMAN BARBARIAN (144),,,634482726440,,,1,4.05
DND UNPAINTED MINIS WV2 MINOTAUR (144),,,634482725771,,,1,4.05
DND UNPAINTED MINIS WV1 FEMALE HUMAN WIZARD (144),,,634482726198,,,1,4.05
DND UNPAINTED MINIS WV11 SATYR AND DRYAD (144),,,634482900185,,,3,4.05
DND UNPAINTED MINIS WV13 ELF RANGER FEMALE (144),,,634482901434,,,1,4.05
MTG UNPAINTED MINIS WV1 ISPERIA LAW INCARNATE (24,,,634482901861,,,1,12.15
DND UNPAINTED MINIS WV8 YOUNG GREEN DRAGON (24),,,634482736845,,,1,12.15
DND UNPAINTED MINIS WV9 FEMALE TABAXI ROGUE (144),,,634482737088,,,3,4.05
DND UNPAINTED MINIS WV8 HILL GIANT (24),,,634482736791,,,1,12.15
PF UNPAINTED MINIS WV8 GRIM REAPER (144),,,634482736975,,,1,4.05
WIZKIDS UNPAINTED MINIS TOWNSPEOPLE/ACCESSORIES (12),,,634482736982,,,1,48.6
DND UNPAINTED MINIS WV10 FEMALE HUMAN PALADIN (144,,,634482738306,,,1,4.05
DND UNPAINTED MINIS WV9 FEMALE HUMAN FIGHTER (144),,,634482737057,,,1,4.05
DND UNPAINTED MINIS WV9 WEREBOAR AND WEREBEAR (144,,,634482737156,,,1,4.05
WIZKIDS UNPAINTED MINIS WV10 TENT AND LEAN-TO (144,,,634482738580,,,1,4.05
DND UNPAINTED MINIS WV12 JACKALWERE (144),,,634482900758,,,1,4.05
DND UNPAINTED MINIS WV11 GOLD DRAGON WYRMLING (144,,,634482900284,,,1,4.05
PF UNPAINTED MINIS WV4 FEMALE HUMAN BARD (144),,,634482726105,,,1,4.05
DND UNPAINTED MINIS WV2 DWARF MALE CLERIC (144),,,634482726242,,,1,4.05
WIZKIDS UNPAINTED MINIS WV4 TWO WHEEL CART (144),,,634482730966,,,2,4.05
DND UNPAINTED MINIS WV5 THRI-KREEN (144),,,634482733523,,,1,4.05
WIZKIDS UNPAINTED MINIS WV5 DOORS (144),,,634482733608,,,5,4.05
DND UNPAINTED MINIS WV12 MALE HALF-ELF BARD (144),,,634482900550,,,1,4.05
DND UNPAINTED MINIS WV13 HALFLING ROGUE MALE (144),,,634482901397,,,1,4.05
DND UNPAINTED MINIS WV13 ELF WIZARD MALE (144),,,634482901403,,,1,4.05
DND UNPAINTED MINIS WV15 HUMAN BARD MALE (144),,,634482903063,,,1,4.05
DND UNPAINTED MINIS WV15 AUTUMN AND SUMMER ELADRIN,,,634482903193,,,1,4.05
DND UNPAINTED MINIS WV16 ELF CLERIC MALE (144),,,634482904046,,,1,4.05
DND UNPAINTED MINIS WV18 HUMAN CLERICS (144),,,634482905234,,,1,4.05
DND UNPAINTED MINIS WV20 DRACONIAN DREADNOUGHT (24),,,634482906101,,,2,7.3
DND UNPAINTED MINIS WV20 AASIMAR CLERIC MALE (72),,,634482904084,,,1,7.3
DND UNPAINTED MINIS WV20 HALFLING WIZARDS (144),,,634482904138,,,1,4.05
DND UNPAINTED MINIS WV22 LOUP GAROU (72),,,634482906743,,,1,7.3
